Malattia_A_(Exposure),Malattia_B_(Outcome),Causal_Effect_ATE,SE,z_value,p_value,CI_Lower_95,CI_Upper_95,Placebo_ATE_IPW,N,N_treated,N_control,trim_frac,ESS_ipw,e_min,e_median,e_max,n_folds,cross_fitted,q_value
BLD,ENDO,0.05490348435780423,0.0038254333771899976,14.352225994884277,0.0,0.04740563493851184,0.062401333777096626,-0.044377137320303885,28944,7236,21708,0.0,26829.682243439376,0.1692807972431183,0.45077717304229736,0.903462827205658,5,True,0.0
