Malattia_A_(Exposure),Malattia_B_(Outcome),Causal_Effect_ATE,SE,z_value,p_value,CI_Lower_95,CI_Upper_95,Placebo_ATE_IPW,N,N_treated,N_control,trim_frac,ESS_ipw,e_min,e_median,e_max,n_folds,cross_fitted,q_value
NEOP,GEN,0.0690123550989276,0.004785482691988196,14.421189990816883,0.0,0.05963280902263074,0.07839190117522446,-0.02227702823569735,31464,7866,23598,0.0,29361.175065212643,0.07971394807100296,0.46198323369026184,0.9566013216972351,5,True,0.0
