Malattia_A_(Exposure),Malattia_B_(Outcome),Causal_Effect_ATE,SE,z_value,p_value,CI_Lower_95,CI_Upper_95,Placebo_ATE_IPW,N,N_treated,N_control,trim_frac,ESS_ipw,e_min,e_median,e_max,n_folds,cross_fitted,q_value
MENT,NERV,0.05972741164047887,0.005258069058964289,11.35919117278458,0.0,0.049421596284908866,0.07003322699604889,-0.022164583231440802,40192,10048,30144,0.0003732085987261147,15768.888795637355,0.26148369908332825,0.44821932911872864,0.9922590851783752,5,True,0.0
