Malattia_A_(Exposure),Malattia_B_(Outcome),Causal_Effect_ATE,SE,z_value,p_value,CI_Lower_95,CI_Upper_95,Placebo_ATE_IPW,N,N_treated,N_control,trim_frac,ESS_ipw,e_min,e_median,e_max,n_folds,cross_fitted,q_value
NERV,GEN,0.03160485276139418,0.0053212013136397455,5.939420611729535,2.860311543173566e-09,0.02117529818666028,0.04203440733612808,-0.025095488342464323,83798,20950,62848,0.00972576911143464,21592.705151725502,0.28370219469070435,0.43348515033721924,0.9919845461845398,5,True,2.860311543173566e-09
