Malattia_A_(Exposure),Malattia_B_(Outcome),Causal_Effect_ATE,SE,z_value,p_value,CI_Lower_95,CI_Upper_95,Placebo_ATE_IPW,N,N_treated,N_control,trim_frac,ESS_ipw,e_min,e_median,e_max,n_folds,cross_fitted,q_value
ENDO,DIGE,0.054636411300590416,0.0065013432957088816,8.403864988432836,0.0,0.041893778441001006,0.06737904416017983,-0.044787058963300444,59545,14887,44658,0.0,19244.577977680347,0.08359956741333008,0.45803356170654297,0.9884668588638306,5,True,0.0
