Malattia_A_(Exposure),Malattia_B_(Outcome),Causal_Effect_ATE,SE,z_value,p_value,CI_Lower_95,CI_Upper_95,Placebo_ATE_IPW,N,N_treated,N_control,trim_frac,ESS_ipw,e_min,e_median,e_max,n_folds,cross_fitted,q_value
BLD,ENDO,0.029618132680295155,0.0054402296728474275,5.444279830339031,5.2015395546334275e-08,0.018955282521514197,0.040280982839076114,-0.04629145106998427,28944,7236,21708,0.004318684355997789,15168.537064338629,0.1418391466140747,0.46092820167541504,0.9930697083473206,5,True,5.2015395546334275e-08
