Malattia_A_(Exposure),Malattia_B_(Outcome),Causal_Effect_ATE,SE,z_value,p_value,CI_Lower_95,CI_Upper_95,Placebo_ATE_IPW,N,N_treated,N_control,trim_frac,ESS_ipw,e_min,e_median,e_max,n_folds,cross_fitted,q_value
NERV,GEN,0.04920603257137638,0.003016510624585445,16.31223579003263,0.0,0.04329367174718891,0.055118393395563854,-0.021090199320536036,83798,20950,62848,0.0,60492.409069526904,0.08013589680194855,0.42656975984573364,0.9797596335411072,5,True,0.0
