Malattia_A_(Exposure),Malattia_B_(Outcome),Causal_Effect_ATE,SE,z_value,p_value,CI_Lower_95,CI_Upper_95,Placebo_ATE_IPW,N,N_treated,N_control,trim_frac,ESS_ipw,e_min,e_median,e_max,n_folds,cross_fitted,q_value
MENT,NERV,0.05774228953892673,0.0036076237146641346,16.0056297734761,0.0,0.05067134705818503,0.06481323201966843,-0.019457020276829905,40192,10048,30144,0.0,37486.88283050142,0.07416882365942001,0.4609038233757019,0.9391754269599915,5,True,0.0
