Malattia_A_(Exposure),Malattia_B_(Outcome),Causal_Effect_ATE,SE,z_value,p_value,CI_Lower_95,CI_Upper_95,Placebo_ATE_IPW,N,N_treated,N_control,trim_frac,ESS_ipw,e_min,e_median,e_max,n_folds,cross_fitted,q_value,global_q_value,global_fdr_significant
NEOP,GEN,0.0690123550989276,0.0047854826919881,14.421189990816885,0.0,0.0596328090226307,0.0783919011752244,-0.0222770282356973,31464,7866,23598,0.0,29361.175065212643,0.0797139480710029,0.4619832336902618,0.9566013216972352,5,True,0.0,0.0,Si
ENDO,DIGE,0.0687685027645614,0.003844456589306,17.887704326237202,0.0,0.0612333678495215,0.0763036376796013,-0.0427213653957963,59545,14887,44658,0.0,48715.45514959118,0.1345877349376678,0.4567869007587433,0.9755274057388306,5,True,0.0,0.0,Si
MENT,NERV,0.0577422895389267,0.0036076237146641,16.0056297734761,0.0,0.050671347058185,0.0648132320196684,-0.0194570202768299,40192,10048,30144,0.0,37486.88283050142,0.07416882365942,0.4609038233757019,0.9391754269599916,5,True,0.0,0.0,Si
INJ,DIGE,0.0551278655924069,0.003577704676256,15.408724470264511,0.0,0.048115564426945,0.0621401667578689,-0.0373737622507547,61068,15267,45801,0.0,49490.67174665907,0.0308208037167787,0.3925718367099762,0.9683346748352052,5,True,0.0,0.0,Si
BLD,ENDO,0.0549034843578042,0.0038254333771899,14.352225994884275,0.0,0.0474056349385118,0.0624013337770966,-0.0443771373203038,28944,7236,21708,0.0,26829.682243439376,0.1692807972431183,0.4507771730422973,0.903462827205658,5,True,0.0,0.0,Si
NERV,GEN,0.0492060325713763,0.0030165106245854,16.31223579003263,0.0,0.0432936717471889,0.0551183933955638,-0.021090199320536,83798,20950,62848,0.0,60492.4090695269,0.0801358968019485,0.4265697598457336,0.9797596335411072,5,True,0.0,0.0,Si
NEOP,DIGE,0.0465597462380288,0.0050302257414001,9.255995383035954,0.0,0.0367005037848844,0.0564189886911732,-0.036256995927082,29556,7389,22167,0.0,27545.02450337762,0.0275879744440317,0.4277347922325134,0.9187952280044556,5,True,0.0,0.0,Si
MENT,MUSC,0.043242909570725,0.0045390656456299,9.526830618181858,0.0,0.0343463409052902,0.0521394782361597,-0.0412451514023743,38508,9627,28881,0.0,35444.73323650763,0.182073175907135,0.4325873255729675,0.9500989317893982,5,True,0.0,0.0,Si
