Malattia_A_(Exposure),Malattia_B_(Outcome),Causal_Effect_ATE,SE,z_value,p_value,CI_Lower_95,CI_Upper_95,Placebo_ATE_IPW,N,N_treated,N_control,trim_frac,ESS_ipw,e_min,e_median,e_max,n_folds,cross_fitted,q_value
BLD,ENDO,0.03304890546265276,0.005388627984031318,6.133083515987747,8.619185365432713e-10,0.022487194613951378,0.04361061631135414,-0.04686127166763144,28944,7236,21708,0.0029712548369264786,15735.380326158749,0.1563902199268341,0.46804583072662354,0.993421733379364,5,True,8.619185365432713e-10
