Malattia_A_(Exposure),Malattia_B_(Outcome),Causal_Effect_ATE,SE,z_value,p_value,CI_Lower_95,CI_Upper_95,Placebo_ATE_IPW,N,N_treated,N_control,trim_frac,ESS_ipw,e_min,e_median,e_max,n_folds,cross_fitted,q_value
NERV,GEN,0.031410204308374504,0.005313879491544318,5.910974149556049,3.4009040028593063e-09,0.02099500050494764,0.04182540811180137,-0.025322696472507924,83798,20950,62848,0.01051337740757536,21659.222835908004,0.2847211956977844,0.43463948369026184,0.992790937423706,5,True,3.4009040028593063e-09
