Malattia_A_(Exposure),Malattia_B_(Outcome),Causal_Effect_ATE,SE,z_value,p_value,CI_Lower_95,CI_Upper_95,Placebo_ATE_IPW,N,N_treated,N_control,trim_frac,ESS_ipw,e_min,e_median,e_max,n_folds,cross_fitted,q_value
NEOP,GEN,0.06598351035957027,0.007651344252928286,8.623780106916165,0.0,0.050986875623830835,0.08098014509530971,-0.021114238689737674,31464,7866,23598,0.0037185354691075517,11383.722291358255,0.16253869235515594,0.440862774848938,0.9904102087020874,5,True,0.0
