Malattia_A_(Exposure),Malattia_B_(Outcome),Causal_Effect_ATE,SE,z_value,p_value,CI_Lower_95,CI_Upper_95,Placebo_ATE_IPW,N,N_treated,N_control,trim_frac,ESS_ipw,e_min,e_median,e_max,n_folds,cross_fitted,q_value,global_q_value,global_fdr_significant
NEOP,DIGE,0.0815682436494303,0.0050401063063666,16.183833969214785,0.0,0.0716896352889517,0.091446852009909,-0.0339469125545988,29556,7389,22167,0.0,26611.951121122485,0.0128956548869609,0.4251539409160614,0.8841491341590881,5,True,0.0,0.0,Si
NEOP,GEN,0.075343330373638,0.0047437830377736,15.88254137545859,0.0,0.0660455156196017,0.0846411451276743,-0.0190087102545205,31464,7866,23598,0.0,29382.692995057558,0.0947266519069671,0.4427980184555053,0.9501293301582336,5,True,0.0,0.0,Si
ENDO,DIGE,0.0698658243736138,0.0037319110164667,18.721192457519944,0.0,0.0625512787813389,0.0771803699658887,-0.0399689863232242,59545,14887,44658,0.0,49372.656867636746,0.0885302051901817,0.4277840852737427,0.967735469341278,5,True,0.0,0.0,Si
INJ,DIGE,0.063768813156308,0.0035837784368681,17.793737609525802,0.0,0.0567446074200465,0.0707930188925696,-0.0408023714520606,61068,15267,45801,0.0,49972.58168446228,0.034254677593708,0.410658985376358,0.9687533974647522,5,True,0.0,0.0,Si
MENT,MUSC,0.0616097305023686,0.0045962962118021,13.404212362155898,0.0,0.0526009899272364,0.0706184710775008,-0.0436820367695287,38508,9627,28881,0.0,35425.7321352853,0.1934537291526794,0.4493984580039978,0.9543474316596984,5,True,0.0,0.0,Si
MENT,NERV,0.0507625810467707,0.003521472495889,14.415157609786933,0.0,0.0438604949548281,0.0576646671387133,-0.0172368232574219,40192,10048,30144,0.0,37238.91942510121,0.0827503502368927,0.4259376227855682,0.9428993463516236,5,True,0.0,0.0,Si
NERV,GEN,0.0415901539111164,0.0030765632401772,13.518380954431596,0.0,0.035560089960369,0.0476202178618638,-0.0211927141103386,83798,20950,62848,0.0,60334.79152326434,0.0827025324106216,0.4223783016204834,0.9786197543144226,5,True,0.0,0.0,Si
BLD,ENDO,0.0268670442783698,0.0039214430543714,6.851315677890505,7.317257910699482e-12,0.0191810158918018,0.0345530726649378,-0.0479936285397431,28944,7236,21708,0.0,26394.08498631215,0.163645938038826,0.4676846861839294,0.9202664494514464,5,True,7.317257910699482e-12,7.317257910699482e-12,Si
