Malattia_A_(Exposure),Malattia_B_(Outcome),Causal_Effect_ATE,SE,z_value,p_value,CI_Lower_95,CI_Upper_95,Placebo_ATE_IPW,N,N_treated,N_control,trim_frac,ESS_ipw,e_min,e_median,e_max,n_folds,cross_fitted,q_value
NERV,GEN,0.04159015391111643,0.003076563240177245,13.518380954431597,0.0,0.03556008996036903,0.04762021786186383,-0.021192714110338653,83798,20950,62848,0.0,60334.79152326434,0.08270253241062164,0.4223783016204834,0.9786197543144226,5,True,0.0
