Malattia_A_(Exposure),Malattia_B_(Outcome),Causal_Effect_ATE,SE,z_value,p_value,CI_Lower_95,CI_Upper_95,Placebo_ATE_IPW,N,N_treated,N_control,trim_frac,ESS_ipw,e_min,e_median,e_max,n_folds,cross_fitted,q_value
MENT,NERV,0.050762581046770776,0.0035214724958890745,14.415157609786933,0.0,0.04386049495482819,0.05766466713871336,-0.017236823257421905,40192,10048,30144,0.0,37238.91942510121,0.0827503502368927,0.42593762278556824,0.9428993463516235,5,True,0.0
