Malattia_A_(Exposure),Malattia_B_(Outcome),Causal_Effect_ATE,SE,z_value,p_value,CI_Lower_95,CI_Upper_95,Placebo_ATE_IPW,N,N_treated,N_control,trim_frac,ESS_ipw,e_min,e_median,e_max,n_folds,cross_fitted,q_value
NEOP,GEN,0.07534333037363806,0.004743783037773614,15.88254137545859,0.0,0.06604551561960179,0.08464114512767434,-0.019008710254520587,31464,7866,23598,0.0,29382.692995057554,0.09472665190696716,0.44279801845550537,0.9501293301582336,5,True,0.0
