Malattia_A_(Exposure),Malattia_B_(Outcome),Causal_Effect_ATE,SE,z_value,p_value,CI_Lower_95,CI_Upper_95,Placebo_ATE_IPW,N,N_treated,N_control,trim_frac,ESS_ipw,e_min,e_median,e_max,n_folds,cross_fitted,q_value
NEOP,DIGE,0.06004145973075186,0.010651653439867015,5.636820618480568,1.732183796399056e-08,0.03916421898861251,0.08091870047289121,-0.04699863827179427,29556,7389,22167,0.02249966165922317,7012.223927580389,0.1531876176595688,0.4555911719799042,0.9962133765220642,5,True,1.732183796399056e-08
