Malattia_A_(Exposure),Malattia_B_(Outcome),Causal_Effect_ATE,SE,z_value,p_value,CI_Lower_95,CI_Upper_95,Placebo_ATE_IPW,N,N_treated,N_control,trim_frac,ESS_ipw,e_min,e_median,e_max,n_folds,cross_fitted,q_value
INJ,DIGE,0.048786440134917126,0.005212976586907949,9.35865322269835,0.0,0.03856900602457755,0.0590038742452567,-0.041604213046541896,61068,15267,45801,0.0037007925591144297,20997.368457481247,0.29894348978996277,0.4035278558731079,0.9914022088050842,5,True,0.0
