Malattia_A_(Exposure),Malattia_B_(Outcome),Causal_Effect_ATE,SE,z_value,p_value,CI_Lower_95,CI_Upper_95,Placebo_ATE_IPW,N,N_treated,N_control,trim_frac,ESS_ipw,e_min,e_median,e_max,n_folds,cross_fitted,q_value
MENT,MUSC,0.051097244907866754,0.006465428206506269,7.903149377862821,2.6645352591003757e-15,0.03842500562311447,0.06376948419261905,-0.04677241191551785,38508,9627,28881,0.0020774903916069387,17279.308204458288,0.265884667634964,0.4452337622642517,0.9917190074920654,5,True,2.6645352591003757e-15
