Malattia_A_(Exposure),Malattia_B_(Outcome),Causal_Effect_ATE,SE,z_value,p_value,CI_Lower_95,CI_Upper_95,Placebo_ATE_IPW,N,N_treated,N_control,trim_frac,ESS_ipw,e_min,e_median,e_max,n_folds,cross_fitted,q_value
NEOP,GEN,0.06358127989875587,0.007950659812666365,7.996981558368675,1.3322676295501878e-15,0.04799798666592979,0.07916457313158194,-0.021479663667683828,31464,7866,23598,0.0043859649122807015,10663.974231544484,0.15887990593910217,0.4412563443183899,0.9908074736595154,5,True,1.3322676295501878e-15
